headline,date,word count
Grief and Protests Follow Shooting of a Teenager,08/11/2014,1198
Outrage Over Teenager's Death Erupts on Social Media,08/12/2014,364
F.B.I. Steps in Amid Unrest After Police Kill Missouri Youth,08/12/2014,1449
"Protests Near St. Louis, Seen on Social Media",08/12/2014,291
Scenes of Chaos Unfold After a Peaceful Vigil in Ferguson,08/13/2014,479
Police Cite Threats in Deciding Not to Name Officer Who Shot Missouri Teenager,08/13/2014,997
Shooting in U.S. spurs Twitter campaign on stereotypes,08/14/2014,731
Hackers' efforts to identify officer create turmoil,08/15/2014,838
"For Missouri Governor, Test at an Uneasy Time",08/15/2014,963
Ferguson Images Evoke Civil Rights Era and Changing Visual Perceptions,08/15/2014,1072
New Tack on Unrest Eases Tension in Missouri,08/15/2014,1594
"In Wake of Clashes, Calls to Demilitarize Police",08/15/2014,1620
"Missouri Unrest Leaves the Right Torn Over Views on Law vs. Order
",08/15/2014,951
Anonymity in Police Shooting Fuels Frustration,08/14/2014,1578
Photographing on Ferguson's Streets,08/14/2014,633
Michael Brown and Black Men,08/14/2014,1099
Advice for Ferguson's Protesters From the Middle East,08/15/2014,1142
Vigils Planned Nationwide Over Ferguson Shooting,08/15/2014,445
New Tack on Unrest Eases Tension in Missouri,08/15/2014,1545
Protest in Missouri at Police Killing of Teenager Is Chronicled on Social Media,08/15/2014,970
"In Wake of Clashes, Calls to Demilitarize Police",08/15/2014,1540
Live Updates on Police Shooting in Missouri,08/15/2014,1333
Missouri Unrest Leaves the Right Torn Over Views on Law vs. Order,08/15/2014,942
"For Missouri Governor, Test at an Uneasy Time",08/15/2014,935
Web Trolls Winning as Incivility Increases,08/15/2014,1127
"Scenes on Twitter from Ferguson, Mo., Overnight",08/16/2014,580
"Trooper Listens to, and Connects With, a Ferguson Torn by Violent Unrest",08/16/2014,989
"A Youth, an Officer and 2 Paths to a Fatal Encounter",08/16/2014,1460
Dueling Police Statements as Anger Rises in Missouri,08/16/2014,1248
A Song Born When Pain Is Still Fresh,08/16/2014,738
Lack of Leadership and a Generational Split Hinder Protests in Ferguson,08/17/2014,635
Deep Tensions Rise to Surface After Shooting,08/17/2014,1786
Missouri Orders Nightly Curfew to Quell Looting,08/17/2014,1647
The View From #Ferguson,08/18/2014,1254
White House Efforts to Keep Peace Include Plan for a Justice Dept. Autopsy,08/18/2014,1142
Aug. 18: Developments in the Police Shooting in Missouri,08/18/2014,685
Chinese Media Weigh In On Aftermath of Missouri Shooting,08/18/2014,605
Violence Flares After Appeals for Harmony,08/18/2014,1411
Missouri Shooting Victim Was Hit at Least 6 Times,08/18/2014,1902
"Calling for Calm in Ferguson, Obama Cites Need for Improved Race Relations",08/19/2014,641
Missouri Tries Another Idea: Call In National Guard,08/18/2014,1580
Reporting on the Unrest in Ferguson,08/19/2014,643
Stores Are Boarded Up but Open for Business in Ferguson,08/19/2014,581
Cities Rocked by Past Unrest Offer Lessons,08/19/2014,1197
Missouri Tries Another Idea: Call In Guard,08/19/2014,1553
"Americaâ€™s Racial Divide, Charted; Persistent Inequality",08/19/2014,1304
The Death of Michael Brown: Teaching About Ferguson,09/03/2014,3048
Another Shadow in Ferguson,09/04/2014,1423
Outrage and Calls for Change Follow Ferguson Officials Into Council Meeting,09/10/2014,957
"Russia, Iran and Egypt Heckle U.S. About Tactics in Ferguson",08/20/2014,1212
Federal Inquiry of Ferguson Police Will Include Apparent Racial Profiling,09/05/2014,838
Getting Ferguson Majority to Show Its Clout at Polls,08/31/2014,1377
"Anger, Hurt and Moments of Hope in Ferguson",08/21/2014,1835
Ferguson Protests Subdued by Rain as Demonstration Ends Early,08/21/2014,511
Ferguson Sets Broad Change for City Courts,09/09/2014,1154
National Guard Is Pulling Out of Ferguson as Tensions Ease,08/22/2014,1583
"Smaller Crowds in Ferguson, but Continued Tension",08/20/2014,696
"As Law Enforcement Presence Eases, 'Small Gains' Are Noted in Ferguson",08/23/2014,1077
Justice Dept. Inquiry to Focus on Practices of Police in Ferguson,09/04/2014,910
"Schools in the Ferguson Area Prepare for an Emotional, Delayed Opening Day",08/25/2014,1100
Scrutiny on the Police Is Building in Ferguson,08/21/2014,1295
Tangle of Leadership Helps Fuel Chaos in Ferguson,08/21/2014,1266
Timeline for a Body: 4 Hours in the Middle of a Ferguson Street,08/24/2014,1661
Two Lives at Crossroads in Ferguson,08/25/2014,1477
"As Tension Eases on Ferguson's Streets, Focus Turns to Investigation",08/21/2014,1060
"Dozens Rally for Officer in Ferguson Killing as $300,000 Is Raised Online",08/24/2014,862
"In Ferguson, Photographs as Powerful Agents",08/20/2014,1064
"In Russia, Scenes From Ferguson Are Played as Nothing Shocking: It's America",08/20/2014,892
"Police, Protesters and Reporters Form Uneasy Cast for Nightly Show in Ferguson",08/22/2014,1302
"With School Closed, Teachers and Volunteers in Ferguson Work to Fill Gap",08/22/2014,593
"At Ferguson March, Call to Halt Traffic in Labor Day Highway Protest",08/31/2014,763
Ferguson Reveals a Twitter Loop,08/28/2014,1052
Holder's Message to Ferguson,08/20/2014,169
Poll Finds Racial Divide in Viewing Response to Ferguson Unrest,08/22/2014,485
School District Shuts Down Discussion of Ferguson,08/20/2014,88
Clinton Praises Obama on Ferguson Response and Echoes Call for Inquiry,08/29/2014,387
Ferguson's Young Protesters,08/20/2014,172
Holder Says Events in Ferguson Speak to Broader Problems,08/21/2014,112
Reaction from Religious Leaders in Ferguson,08/20/2014,99
Storms Approaching Ferguson,08/20/2014,66
Lauryn Hill's Song for Ferguson,08/22/2014,61
Tear-Gassed in Ferguson,08/21/2014,672
"Among Whites, Protests Stir a Range of Emotions and a Lot of Perplexity",08/22/2014,1134
Shooting Accounts Differ as Holder Schedules Visit,08/20/2014,1563
"In Aftermath of Missouri Protests, Skepticism About the Prospects for Change",08/27/2014,1603
What Started as a Local Protest in Missouri Grows Into a Center of National Activism,08/21/2014,872
"Amid Mourning, Call for Change",08/26/2014,1385
A Steady Voice Makes Itself Heard Above the Shouting,08/25/2014,1232
"At Risk in Senate, Democrats Seek to Rally Blacks",08/31/2014,1335
Poll Shows Broad Divisions Amid Missouri Turmoil,08/22/2014,960
"Shared Vision, Varying Styles",08/20/2014,1341
35 Arrested as Missouri Police Block Protest on Highway Over Teenager's Shooting,09/11/2014,876
Clergy Members Ask for Special Prosecutor,08/20/2014,287
"In Washington, Second Thoughts on Arming Police",08/24/2014,1441
First Day of School,08/25/2014,228
Putting Aside X's and O's to Ponder Life and Death,08/24/2014,939
Senate Studies Police Use of Military Gear,09/10/2014,922
A Reporter for Every Protester,08/20/2014,140
Black Ex-Police Chief Picked for Top Enforcement Post in Missouri,08/28/2014,777
"Despite Similar Shooting, Los Angeles's 'Bank of Trust' Tempers Reaction",08/23/2014,1118
Key Factor in Police Shootings: 'Reasonable Fear',08/23/2014,1164
"Mayor, Seeking Calm in Chokehold Case, Turns to Clergy",08/21/2014,864
"After a Father's Plea, Few in Missouri Try to Disrupt Traffic",09/02/2014,494
"An Officer's Eyes and Ears, Recording All",08/21/2014,1264
A Slimmed-Down Sharpton Savors an Expanded Profile,08/25/2014,1365
Calls for Peace Ahead of Michael Brown's Funeral Today,08/25/2014,221
"On Staten Island, Thousands Protest Police Tactics",08/24/2014,961
Recording May Capture Shots Fired at Teenager,08/27/2014,642
"Slain Teenager Never Faced Serious Felony Charge, St. Louis Official's Lawyer Says",09/04/2014,594
"CartoDB, Interactive Mapping Start-Up, Raises $7 Million",09/10/2014,536
Demonstrations and Remembrances Today and This Week,08/25/2014,331
"Father Seeks Answers in Death of Son, Who Police Say Shot Himself While Cuffed",09/02/2014,648
Florida Prosecutors Face Long Odds When Police Use Lethal Force,09/04/2014,1466
"From Missouri to Syria, Journalists in Troubled Areas Are Becoming Targets",08/21/2014,1096
Hundreds in Washington Protest Missouri Shooting,08/24/2014,506
Lawman in Missouri Defends Objectivity,08/21/2014,1154
Live Coverage of Eric Garner Rally on Staten Island,08/23/2014,673
Shooting Spurs Hashtag Effort on Stereotypes,08/13/2014,1134
The Long March to Peace,08/22/2014,34
The Rise of the SWAT Team in American Policing,09/08/2014,1169
A Teenager Who Was Grappling With Problems and Promise,08/25/2014,1339