headline,term,excerpt
Grief and Protests Follow Shooting of a Teenager,tensions,"""At a candlelight vigil on Sunday evening, the heightened tensions between the police and the African-American community were on display."""
Grief and Protests Follow Shooting of a Teenager,peaceful,"""Witnesses described a peaceful protest that later turned volatile, and there were scattered reports of violence."""
Grief and Protests Follow Shooting of a Teenager,volatile,"""Witnesses described a peaceful protest that later turned volatile, and there were scattered reports of violence."""
Grief and Protests Follow Shooting of a Teenager,violence,"""Witnesses described a peaceful protest that later turned volatile, and there were scattered reports of violence."""
Grief and Protests Follow Shooting of a Teenager,civil disorder,"Police officials, fearing civil disorder, dispatched officers with police dogs to control the crowds."
Outrage Over Teenager’s Death Erupts on Social Media,outrage,"""The weekend shooting of Michael Brown, 18, who was killed by a police officer in Ferguson, Mo., a St. Louis suburb, is drawing outrage on social media outlets such as Twitter and Facebook. """
F.B.I. Steps In Amid Unrest After Police Kill Missouri Youth,simmering,The protesters questioned the role that race — and simmering tensions between residents and the Police Department...
F.B.I. Steps In Amid Unrest After Police Kill Missouri Youth,tensions,The protesters questioned the role that race — and simmering tensions between residents and the Police Department...
F.B.I. Steps In Amid Unrest After Police Kill Missouri Youth,standoff,The standoff lasted for more than an hour...
F.B.I. Steps In Amid Unrest After Police Kill Missouri Youth,looting,"""Chief Jackson said the police blocked off the area where most of the looting and vandalism occurred..."""
F.B.I. Steps In Amid Unrest After Police Kill Missouri Youth,vandalism,"""Chief Jackson said the police blocked off the area where most of the looting and vandalism occurred..."""
F.B.I. Steps In Amid Unrest After Police Kill Missouri Youth,fierce,"""On social media, reaction to Mr. Brown’s killing was fierce..."""
F.B.I. Steps In Amid Unrest After Police Kill Missouri Youth,unrest,"""Residents of Ferguson said they were shaken by the unrest..."""
F.B.I. Steps In Amid Unrest After Police Kill Missouri Youth,tension,"""The tension, she said, had one source..."""
"Protests Near St. Louis, Seen on Social Media",protests,"""On Monday night, protests continued..."""
"Protests Near St. Louis, Seen on Social Media",chaotic,"""The chaotic night was captured on social media..."""
"Protests Near St. Louis, Seen on Social Media",standoff,"""After the sun went down, the standoff continued."""
Scenes of Chaos Unfold After a Peaceful Vigil in Ferguson,unrest,"""Three days of unrest have convulsed Ferguson..."""
Scenes of Chaos Unfold After a Peaceful Vigil in Ferguson,peaceful,"""A peaceful vigil on Sunday was followed by rioting and looting that led to 32 arrests overnight."""
Scenes of Chaos Unfold After a Peaceful Vigil in Ferguson,chaotic,"""The scene was chaotic."""
Scenes of Chaos Unfold After a Peaceful Vigil in Ferguson,standoff,"""The standoff went on for several hours."""
Shooting Spurs Hashtag Effort on Stereotypes,protests,"""The change came amid another day of protests in the St. Louis suburbs where the teenager, Michael Brown, 18, was shot..."""
Shooting Spurs Hashtag Effort on Stereotypes,protests,"""The protests have at times turned violent..."""
Shooting Spurs Hashtag Effort on Stereotypes,violent,"""The protests have at times turned violent..."""
Shooting Spurs Hashtag Effort on Stereotypes,gathering,"""A gathering on Tuesday night turned into another skirmish with police officers..."""
Shooting Spurs Hashtag Effort on Stereotypes,skirmish,"""A gathering on Tuesday night turned into another skirmish with police officers..."""
Shooting Spurs Hashtag Effort on Stereotypes,peaceful,"""During a peaceful protest march on Tuesday to the St. Louis County prosecutor’s office..."""
Shooting Spurs Hashtag Effort on Stereotypes,violence,"""The Rev. Al Sharpton, at a news conference on Tuesday in St. Louis with the Brown family, called for an end to the violence in Ferguson."""
Anonymous Hackers’ Efforts to Identify Ferguson Police Officer Create Turmoil,confrontation,"""Members of Anonymous — the shadowy, snide international collective of hackers and online activists — have played a key role in the growing confrontation..."""
"For Missouri Governor, Test at an Uneasy Time",violent,"""...the police killing of an unarmed black teenager in suburban St. Louis and the violent unrest that followed."""
"For Missouri Governor, Test at an Uneasy Time",unrest,"""...the police killing of an unarmed black teenager in suburban St. Louis and the violent unrest that followed."""
"For Missouri Governor, Test at an Uneasy Time",unrest,"""Mr. Nixon has been criticized as being slow to respond to the shooting and unrest in Ferguson..."""
"For Missouri Governor, Test at an Uneasy Time",chaos,"""Under St. Louis County police supervision, chaos had broken out in Ferguson over several nights..."""
Ferguson Images Evoke Civil Rights Era and Changing Visual Perceptions,unrest,"""The photographs that have emerged during several days of unrest in Ferguson after the fatal shooting of an unarmed black teenager..."""